mkey,label,type,item,status,source_names,value,value_pct,prev_label,prev_value,prev_value_raw,prev_pct,dev_pct,severity,period_days,prev_period_days,period_note
2026-06,Июн 2026,PrevPeriod,Оформление торгового зала(дизайн и озеленение),exact_match,Оформление торгового зала(дизайн и озеленение),33981,0.0,Май 2026,10875,12000,0.0,212.5,high,29,32,29 дн. против 32 дн.; прошлый месяц приведён к текущему периоду
2026-06,Июн 2026,PrevPeriod,ГСМ ,exact_match,ГСМ,0,0.0,Май 2026,13063,14414,0.0,-100.0,high,29,32,29 дн. против 32 дн.; прошлый месяц приведён к текущему периоду
2026-06,Июн 2026,PrevPeriod,Канцтовары,exact_match,Канцтовары,0,0.0,Май 2026,32452,35809,0.0,-100.0,high,29,32,29 дн. против 32 дн.; прошлый месяц приведён к текущему периоду
2026-06,Июн 2026,PrevPeriod,Бесплатная еда для сотрудников,rollup_match,Депозит iikocard5(питание за счет бонусной системы),0,0.0,Май 2026,170119,187717,0.2,-100.0,high,29,32,29 дн. против 32 дн.; прошлый месяц приведён к текущему периоду
2026-06,Июн 2026,PrevPeriod,Бесплатные напитки для сотрудников,rollup_match,Депозит iikocard5(питание за счет бонусной системы),0,0.0,Май 2026,170119,187717,0.2,-100.0,high,29,32,29 дн. против 32 дн.; прошлый месяц приведён к текущему периоду
2026-06,Июн 2026,PrevPeriod,Прочие ТМЦ списанные,rollup_match,СПИСАННЫЕ  ОС/ИНВЕНТАРЬ/ПОСУДА,44636,0.1,Май 2026,416681,459786,0.6,-89.3,high,29,32,29 дн. против 32 дн.; прошлый месяц приведён к текущему периоду
2026-06,Июн 2026,PrevPeriod,Инвентарь списанный,rollup_match,СПИСАННЫЕ  ОС/ИНВЕНТАРЬ/ПОСУДА,44636,0.1,Май 2026,416681,459786,0.6,-89.3,high,29,32,29 дн. против 32 дн.; прошлый месяц приведён к текущему периоду
2026-06,Июн 2026,PrevPeriod,Бой посуды,rollup_match,СПИСАННЫЕ  ОС/ИНВЕНТАРЬ/ПОСУДА,44636,0.1,Май 2026,416681,459786,0.6,-89.3,high,29,32,29 дн. против 32 дн.; прошлый месяц приведён к текущему периоду
2026-06,Июн 2026,PrevPeriod,Коммунальные услуги,exact_match,Коммунальные услуги,521888,0.7,Май 2026,1559130,1720419,2.3,-66.5,high,29,32,29 дн. против 32 дн.; прошлый месяц приведён к текущему периоду
2026-06,Июн 2026,PrevPeriod,Расходы из Амортизационного фонда,exact_match,Расходы из Амортизационного фонда,38085,0.1,Май 2026,112818,124489,0.2,-66.2,high,29,32,29 дн. против 32 дн.; прошлый месяц приведён к текущему периоду
2026-06,Июн 2026,PrevPeriod,"ТО и ремонт оборудования, инвентаря",exact_match,"ТО и ремонт оборудования, инвентаря",161979,0.2,Май 2026,101364,111850,0.1,59.8,warn,29,32,29 дн. против 32 дн.; прошлый месяц приведён к текущему периоду
2026-06,Июн 2026,PrevPeriod,Лицензии/ПО/сертификация,exact_match,Лицензии/ПО/сертификация,126371,0.2,Май 2026,290776,320856,0.4,-56.5,warn,29,32,29 дн. против 32 дн.; прошлый месяц приведён к текущему периоду
2026-06,Июн 2026,PrevPeriod,Ремонт и обслуживание помещений,exact_match,Ремонт и обслуживание помещений,146529,0.2,Май 2026,263434,290686,0.4,-44.4,warn,29,32,29 дн. против 32 дн.; прошлый месяц приведён к текущему периоду
2026-05,Май 2026,PrevPeriod,Канцтовары,exact_match,Канцтовары,35809,0.0,Апр 2026,9473,9177,0.0,278.0,high,32,31,32 дн. против 31 дн.; прошлый месяц приведён к текущему периоду
2026-05,Май 2026,PrevPeriod,Прочие ТМЦ списанные,rollup_match,СПИСАННЫЕ  ОС/ИНВЕНТАРЬ/ПОСУДА,459786,0.6,Апр 2026,156473,151583,0.2,193.8,high,32,31,32 дн. против 31 дн.; прошлый месяц приведён к текущему периоду
2026-05,Май 2026,PrevPeriod,Инвентарь списанный,rollup_match,СПИСАННЫЕ  ОС/ИНВЕНТАРЬ/ПОСУДА,459786,0.6,Апр 2026,156473,151583,0.2,193.8,high,32,31,32 дн. против 31 дн.; прошлый месяц приведён к текущему периоду
2026-05,Май 2026,PrevPeriod,Бой посуды,rollup_match,СПИСАННЫЕ  ОС/ИНВЕНТАРЬ/ПОСУДА,459786,0.6,Апр 2026,156473,151583,0.2,193.8,high,32,31,32 дн. против 31 дн.; прошлый месяц приведён к текущему периоду
2026-05,Май 2026,PrevPeriod,Оформление торгового зала(дизайн и озеленение),exact_match,Оформление торгового зала(дизайн и озеленение),12000,0.0,Апр 2026,0,0,0.0,100.0,high,32,31,32 дн. против 31 дн.; прошлый месяц приведён к текущему периоду
2026-05,Май 2026,PrevPeriod,"ТО и ремонт оборудования, инвентаря",exact_match,"ТО и ремонт оборудования, инвентаря",111850,0.1,Апр 2026,393382,381089,0.6,-71.6,high,32,31,32 дн. против 31 дн.; прошлый месяц приведён к текущему периоду
2026-05,Май 2026,PrevPeriod,Расходы из Амортизационного фонда,exact_match,Расходы из Амортизационного фонда,124489,0.2,Апр 2026,81078,78544,0.1,53.5,warn,32,31,32 дн. против 31 дн.; прошлый месяц приведён к текущему периоду
2026-05,Май 2026,PrevPeriod,Ремонт и обслуживание помещений,exact_match,Ремонт и обслуживание помещений,290686,0.4,Апр 2026,473056,458273,0.7,-38.6,warn,32,31,32 дн. против 31 дн.; прошлый месяц приведён к текущему периоду
2026-04,Апр 2026,PrevPeriod,Оформление торгового зала(дизайн и озеленение),exact_match,Оформление торгового зала(дизайн и озеленение),0,0.0,Мар 2026,31751,32775,0.1,-100.0,high,31,32,31 дн. против 32 дн.; прошлый месяц приведён к текущему периоду
2026-04,Апр 2026,PrevPeriod,Прочие ТМЦ списанные,rollup_match,СПИСАННЫЕ  ОС/ИНВЕНТАРЬ/ПОСУДА,151583,0.2,Мар 2026,467621,482706,0.8,-67.6,high,31,32,31 дн. против 32 дн.; прошлый месяц приведён к текущему периоду
2026-04,Апр 2026,PrevPeriod,Инвентарь списанный,rollup_match,СПИСАННЫЕ  ОС/ИНВЕНТАРЬ/ПОСУДА,151583,0.2,Мар 2026,467621,482706,0.8,-67.6,high,31,32,31 дн. против 32 дн.; прошлый месяц приведён к текущему периоду
2026-04,Апр 2026,PrevPeriod,Бой посуды,rollup_match,СПИСАННЫЕ  ОС/ИНВЕНТАРЬ/ПОСУДА,151583,0.2,Мар 2026,467621,482706,0.8,-67.6,high,31,32,31 дн. против 32 дн.; прошлый месяц приведён к текущему периоду
2026-04,Апр 2026,PrevPeriod,ГСМ ,exact_match,ГСМ,17851,0.0,Мар 2026,12508,12912,0.0,42.7,warn,31,32,31 дн. против 32 дн.; прошлый месяц приведён к текущему периоду
2026-04,Апр 2026,PrevPeriod,Расходы из Амортизационного фонда,exact_match,Расходы из Амортизационного фонда,78544,0.1,Мар 2026,128828,132984,0.2,-39.0,warn,31,32,31 дн. против 32 дн.; прошлый месяц приведён к текущему периоду
2026-04,Апр 2026,PrevPeriod,Бесплатная еда для сотрудников,rollup_match,Депозит iikocard5(питание за счет бонусной системы),171264,0.3,Мар 2026,130339,134543,0.2,31.4,warn,31,32,31 дн. против 32 дн.; прошлый месяц приведён к текущему периоду
2026-04,Апр 2026,PrevPeriod,Бесплатные напитки для сотрудников,rollup_match,Депозит iikocard5(питание за счет бонусной системы),171264,0.3,Мар 2026,130339,134543,0.2,31.4,warn,31,32,31 дн. против 32 дн.; прошлый месяц приведён к текущему периоду
2026-04,Апр 2026,PrevPeriod,"ТО и ремонт оборудования, инвентаря",exact_match,"ТО и ремонт оборудования, инвентаря",381089,0.6,Мар 2026,290714,300092,0.5,31.1,warn,31,32,31 дн. против 32 дн.; прошлый месяц приведён к текущему периоду
2026-03,Мар 2026,PrevPeriod,Канцтовары,exact_match,Канцтовары,10050,0.0,Фев 2026,296,268,0.0,3298.4,high,32,29,32 дн. против 29 дн.; прошлый месяц приведён к текущему периоду
2026-03,Мар 2026,PrevPeriod,Расходы из Амортизационного фонда,exact_match,Расходы из Амортизационного фонда,132984,0.2,Фев 2026,35802,32446,0.1,271.4,high,32,29,32 дн. против 29 дн.; прошлый месяц приведён к текущему периоду
2026-03,Мар 2026,PrevPeriod,"Расходы на рекламу, дизайн и маркетинг",exact_match,"Расходы на рекламу, дизайн и маркетинг",400295,0.6,Фев 2026,194898,176626,0.4,105.4,high,32,29,32 дн. против 29 дн.; прошлый месяц приведён к текущему периоду
2026-03,Мар 2026,PrevPeriod,Прочие ТМЦ списанные,rollup_match,СПИСАННЫЕ  ОС/ИНВЕНТАРЬ/ПОСУДА,482706,0.8,Фев 2026,251676,228081,0.5,91.8,high,32,29,32 дн. против 29 дн.; прошлый месяц приведён к текущему периоду
2026-03,Мар 2026,PrevPeriod,Инвентарь списанный,rollup_match,СПИСАННЫЕ  ОС/ИНВЕНТАРЬ/ПОСУДА,482706,0.8,Фев 2026,251676,228081,0.5,91.8,high,32,29,32 дн. против 29 дн.; прошлый месяц приведён к текущему периоду
2026-03,Мар 2026,PrevPeriod,Бой посуды,rollup_match,СПИСАННЫЕ  ОС/ИНВЕНТАРЬ/ПОСУДА,482706,0.8,Фев 2026,251676,228081,0.5,91.8,high,32,29,32 дн. против 29 дн.; прошлый месяц приведён к текущему периоду
2026-03,Мар 2026,PrevPeriod,Оформление торгового зала(дизайн и озеленение),exact_match,Оформление торгового зала(дизайн и озеленение),32775,0.1,Фев 2026,73661,66755,0.1,-55.5,warn,32,29,32 дн. против 29 дн.; прошлый месяц приведён к текущему периоду
2026-03,Мар 2026,PrevPeriod,Ремонт и обслуживание помещений,exact_match,Ремонт и обслуживание помещений,423914,0.7,Фев 2026,305997,277310,0.6,38.5,warn,32,29,32 дн. против 29 дн.; прошлый месяц приведён к текущему периоду
2026-02,Фев 2026,PrevPeriod,"Расходы на рекламу, дизайн и маркетинг",exact_match,"Расходы на рекламу, дизайн и маркетинг",176626,0.4,Янв 2026,15070,16629,0.0,1072.0,high,29,32,29 дн. против 32 дн.; прошлый месяц приведён к текущему периоду
2026-02,Фев 2026,PrevPeriod,Оформление торгового зала(дизайн и озеленение),exact_match,Оформление торгового зала(дизайн и озеленение),66755,0.1,Янв 2026,0,0,0.0,100.0,high,29,32,29 дн. против 32 дн.; прошлый месяц приведён к текущему периоду
2026-02,Фев 2026,PrevPeriod,Канцтовары,exact_match,Канцтовары,268,0.0,Янв 2026,17227,19009,0.0,-98.4,high,29,32,29 дн. против 32 дн.; прошлый месяц приведён к текущему периоду
2026-02,Фев 2026,PrevPeriod,"ТО и ремонт оборудования, инвентаря",exact_match,"ТО и ремонт оборудования, инвентаря",288544,0.6,Янв 2026,218829,241467,0.5,31.9,warn,29,32,29 дн. против 32 дн.; прошлый месяц приведён к текущему периоду
2026-02,Фев 2026,PrevPeriod,Ремонт и обслуживание помещений,exact_match,Ремонт и обслуживание помещений,277310,0.6,Янв 2026,210552,232333,0.5,31.7,warn,29,32,29 дн. против 32 дн.; прошлый месяц приведён к текущему периоду
2026-02,Фев 2026,PrevPeriod,Транспортные расходы,exact_match,Транспортные расходы,211477,0.5,Янв 2026,162134,178907,0.4,30.4,warn,29,32,29 дн. против 32 дн.; прошлый месяц приведён к текущему периоду
2026-01,Янв 2026,PrevPeriod,Канцтовары,exact_match,Канцтовары,19009,0.0,Дек 2025,867,867,0.0,2092.5,high,32,32,32 дн. против прошлого месяца
2026-01,Янв 2026,PrevPeriod,Оформление торгового зала(дизайн и озеленение),exact_match,Оформление торгового зала(дизайн и озеленение),0,0.0,Дек 2025,285385,285385,0.6,-100.0,high,32,32,32 дн. против прошлого месяца
2026-01,Янв 2026,PrevPeriod,Представительские расходы,exact_match,Представительские расходы,0,0.0,Дек 2025,20775,20775,0.0,-100.0,high,32,32,32 дн. против прошлого месяца
2026-01,Янв 2026,PrevPeriod,"Расходы на рекламу, дизайн и маркетинг",exact_match,"Расходы на рекламу, дизайн и маркетинг",16629,0.0,Дек 2025,221771,221771,0.4,-92.5,high,32,32,32 дн. против прошлого месяца
2026-01,Янв 2026,PrevPeriod,Прочие ТМЦ списанные,rollup_match,СПИСАННЫЕ  ОС/ИНВЕНТАРЬ/ПОСУДА,260798,0.5,Дек 2025,588504,588504,1.1,-55.7,warn,32,32,32 дн. против прошлого месяца
2026-01,Янв 2026,PrevPeriod,Инвентарь списанный,rollup_match,СПИСАННЫЕ  ОС/ИНВЕНТАРЬ/ПОСУДА,260798,0.5,Дек 2025,588504,588504,1.1,-55.7,warn,32,32,32 дн. против прошлого месяца
2026-01,Янв 2026,PrevPeriod,Бой посуды,rollup_match,СПИСАННЫЕ  ОС/ИНВЕНТАРЬ/ПОСУДА,260798,0.5,Дек 2025,588504,588504,1.1,-55.7,warn,32,32,32 дн. против прошлого месяца
2026-01,Янв 2026,PrevPeriod,Первый Гость и Подарок в День Рождения ,exact_match,Первый Гость и Подарок в День Рождения,40731,0.1,Дек 2025,29147,29147,0.1,39.7,warn,32,32,32 дн. против прошлого месяца
2026-01,Янв 2026,PrevPeriod,Транспортные расходы,exact_match,Транспортные расходы,178907,0.4,Дек 2025,266719,266719,0.5,-32.9,warn,32,32,32 дн. против прошлого месяца
2026-01,Янв 2026,PrevPeriod,Лицензии/ПО/сертификация,exact_match,Лицензии/ПО/сертификация,252755,0.5,Дек 2025,192929,192929,0.4,31.0,warn,32,32,32 дн. против прошлого месяца
2025-12,Дек 2025,PrevPeriod,Представительские расходы,exact_match,Представительские расходы,20775,0.0,Ноя 2025,460,446,0.0,4412.5,high,32,31,32 дн. против 31 дн.; прошлый месяц приведён к текущему периоду
2025-12,Дек 2025,PrevPeriod,Транспортные расходы,exact_match,Транспортные расходы,266719,0.5,Ноя 2025,34406,33331,0.1,675.2,high,32,31,32 дн. против 31 дн.; прошлый месяц приведён к текущему периоду
2025-12,Дек 2025,PrevPeriod,Прочие ТМЦ списанные,rollup_match,СПИСАННЫЕ  ОС/ИНВЕНТАРЬ/ПОСУДА,588504,1.1,Ноя 2025,110689,107230,0.2,431.7,high,32,31,32 дн. против 31 дн.; прошлый месяц приведён к текущему периоду
2025-12,Дек 2025,PrevPeriod,Инвентарь списанный,rollup_match,СПИСАННЫЕ  ОС/ИНВЕНТАРЬ/ПОСУДА,588504,1.1,Ноя 2025,110689,107230,0.2,431.7,high,32,31,32 дн. против 31 дн.; прошлый месяц приведён к текущему периоду
2025-12,Дек 2025,PrevPeriod,Бой посуды,rollup_match,СПИСАННЫЕ  ОС/ИНВЕНТАРЬ/ПОСУДА,588504,1.1,Ноя 2025,110689,107230,0.2,431.7,high,32,31,32 дн. против 31 дн.; прошлый месяц приведён к текущему периоду
2025-12,Дек 2025,PrevPeriod,"Расходы на рекламу, дизайн и маркетинг",exact_match,"Расходы на рекламу, дизайн и маркетинг",221771,0.4,Ноя 2025,60659,58763,0.1,265.6,high,32,31,32 дн. против 31 дн.; прошлый месяц приведён к текущему периоду
2025-12,Дек 2025,PrevPeriod,Оформление торгового зала(дизайн и озеленение),exact_match,Оформление торгового зала(дизайн и озеленение),285385,0.6,Ноя 2025,111561,108075,0.2,155.8,high,32,31,32 дн. против 31 дн.; прошлый месяц приведён к текущему периоду
2025-12,Дек 2025,PrevPeriod,Канцтовары,exact_match,Канцтовары,867,0.0,Ноя 2025,15210,14735,0.0,-94.3,high,32,31,32 дн. против 31 дн.; прошлый месяц приведён к текущему периоду
2025-12,Дек 2025,PrevPeriod,Расходы из Амортизационного фонда,exact_match,Расходы из Амортизационного фонда,31382,0.1,Ноя 2025,53490,51818,0.1,-41.3,warn,32,31,32 дн. против 31 дн.; прошлый месяц приведён к текущему периоду
2025-12,Дек 2025,PrevPeriod,Ремонт и обслуживание помещений,exact_match,Ремонт и обслуживание помещений,262934,0.5,Ноя 2025,440916,427137,0.8,-40.4,warn,32,31,32 дн. против 31 дн.; прошлый месяц приведён к текущему периоду
2025-11,Ноя 2025,PrevPeriod,Канцтовары,exact_match,Канцтовары,14735,0.0,Окт 2025,4022,4152,0.0,266.3,high,31,32,31 дн. против 32 дн.; прошлый месяц приведён к текущему периоду
2025-11,Ноя 2025,PrevPeriod,Оформление торгового зала(дизайн и озеленение),exact_match,Оформление торгового зала(дизайн и озеленение),108075,0.2,Окт 2025,0,0,0.0,100.0,high,31,32,31 дн. против 32 дн.; прошлый месяц приведён к текущему периоду
2025-11,Ноя 2025,PrevPeriod,Прочие ТМЦ списанные,rollup_match,СПИСАННЫЕ  ОС/ИНВЕНТАРЬ/ПОСУДА,107230,0.2,Окт 2025,213668,220561,0.3,-49.8,warn,31,32,31 дн. против 32 дн.; прошлый месяц приведён к текущему периоду
2025-11,Ноя 2025,PrevPeriod,Инвентарь списанный,rollup_match,СПИСАННЫЕ  ОС/ИНВЕНТАРЬ/ПОСУДА,107230,0.2,Окт 2025,213668,220561,0.3,-49.8,warn,31,32,31 дн. против 32 дн.; прошлый месяц приведён к текущему периоду
2025-11,Ноя 2025,PrevPeriod,Бой посуды,rollup_match,СПИСАННЫЕ  ОС/ИНВЕНТАРЬ/ПОСУДА,107230,0.2,Окт 2025,213668,220561,0.3,-49.8,warn,31,32,31 дн. против 32 дн.; прошлый месяц приведён к текущему периоду
2025-11,Ноя 2025,PrevPeriod,"Расходы на рекламу, дизайн и маркетинг",exact_match,"Расходы на рекламу, дизайн и маркетинг",58763,0.1,Окт 2025,114053,117732,0.2,-48.5,warn,31,32,31 дн. против 32 дн.; прошлый месяц приведён к текущему периоду
2025-11,Ноя 2025,PrevPeriod,Транспортные расходы,exact_match,Транспортные расходы,33331,0.1,Окт 2025,55268,57051,0.1,-39.7,warn,31,32,31 дн. против 32 дн.; прошлый месяц приведён к текущему периоду
2025-11,Ноя 2025,PrevPeriod,Расходы из Амортизационного фонда,exact_match,Расходы из Амортизационного фонда,51818,0.1,Окт 2025,82027,84673,0.1,-36.8,warn,31,32,31 дн. против 32 дн.; прошлый месяц приведён к текущему периоду
2025-10,Окт 2025,PrevPeriod,Канцтовары,exact_match,Канцтовары,4152,0.0,Сен 2025,42060,40746,0.1,-90.1,high,32,31,32 дн. против 31 дн.; прошлый месяц приведён к текущему периоду
2025-10,Окт 2025,PrevPeriod,Ремонт и обслуживание помещений,exact_match,Ремонт и обслуживание помещений,447516,0.7,Сен 2025,285426,276506,0.4,56.8,warn,32,31,32 дн. против 31 дн.; прошлый месяц приведён к текущему периоду
2025-10,Окт 2025,PrevPeriod,Прочие ТМЦ списанные,rollup_match,СПИСАННЫЕ  ОС/ИНВЕНТАРЬ/ПОСУДА,220561,0.3,Сен 2025,149320,144654,0.2,47.7,warn,32,31,32 дн. против 31 дн.; прошлый месяц приведён к текущему периоду
2025-10,Окт 2025,PrevPeriod,Инвентарь списанный,rollup_match,СПИСАННЫЕ  ОС/ИНВЕНТАРЬ/ПОСУДА,220561,0.3,Сен 2025,149320,144654,0.2,47.7,warn,32,31,32 дн. против 31 дн.; прошлый месяц приведён к текущему периоду
2025-10,Окт 2025,PrevPeriod,Бой посуды,rollup_match,СПИСАННЫЕ  ОС/ИНВЕНТАРЬ/ПОСУДА,220561,0.3,Сен 2025,149320,144654,0.2,47.7,warn,32,31,32 дн. против 31 дн.; прошлый месяц приведён к текущему периоду
2025-10,Окт 2025,PrevPeriod,Расходы из Амортизационного фонда,exact_match,Расходы из Амортизационного фонда,84673,0.1,Сен 2025,155850,150980,0.2,-45.7,warn,32,31,32 дн. против 31 дн.; прошлый месяц приведён к текущему периоду
2025-10,Окт 2025,PrevPeriod,"Расходы на рекламу, дизайн и маркетинг",exact_match,"Расходы на рекламу, дизайн и маркетинг",117732,0.2,Сен 2025,194933,188841,0.3,-39.6,warn,32,31,32 дн. против 31 дн.; прошлый месяц приведён к текущему периоду
2025-10,Окт 2025,PrevPeriod,Лицензии/ПО/сертификация,exact_match,Лицензии/ПО/сертификация,160608,0.3,Сен 2025,235974,228600,0.4,-31.9,warn,32,31,32 дн. против 31 дн.; прошлый месяц приведён к текущему периоду
2025-09,Сен 2025,PrevPeriod,Расходы из Амортизационного фонда,exact_match,Расходы из Амортизационного фонда,150980,0.2,Авг 2025,16490,17022,0.0,815.6,high,31,32,31 дн. против 32 дн.; прошлый месяц приведён к текущему периоду
2025-09,Сен 2025,PrevPeriod,Канцтовары,exact_match,Канцтовары,40746,0.1,Авг 2025,9937,10258,0.0,310.0,high,31,32,31 дн. против 32 дн.; прошлый месяц приведён к текущему периоду
2025-09,Сен 2025,PrevPeriod,"ТО и ремонт оборудования, инвентаря",exact_match,"ТО и ремонт оборудования, инвентаря",564556,0.9,Авг 2025,226756,234071,0.3,149.0,high,31,32,31 дн. против 32 дн.; прошлый месяц приведён к текущему периоду
2025-09,Сен 2025,PrevPeriod,Транспортные расходы,exact_match,Транспортные расходы,49699,0.1,Авг 2025,25064,25873,0.0,98.3,high,31,32,31 дн. против 32 дн.; прошлый месяц приведён к текущему периоду
2025-09,Сен 2025,PrevPeriod,Прочие ТМЦ списанные,rollup_match,СПИСАННЫЕ  ОС/ИНВЕНТАРЬ/ПОСУДА,144654,0.2,Авг 2025,575538,594104,0.8,-74.9,high,31,32,31 дн. против 32 дн.; прошлый месяц приведён к текущему периоду
2025-09,Сен 2025,PrevPeriod,Инвентарь списанный,rollup_match,СПИСАННЫЕ  ОС/ИНВЕНТАРЬ/ПОСУДА,144654,0.2,Авг 2025,575538,594104,0.8,-74.9,high,31,32,31 дн. против 32 дн.; прошлый месяц приведён к текущему периоду
2025-09,Сен 2025,PrevPeriod,Бой посуды,rollup_match,СПИСАННЫЕ  ОС/ИНВЕНТАРЬ/ПОСУДА,144654,0.2,Авг 2025,575538,594104,0.8,-74.9,high,31,32,31 дн. против 32 дн.; прошлый месяц приведён к текущему периоду
2025-09,Сен 2025,PrevPeriod,Ремонт и обслуживание помещений,exact_match,Ремонт и обслуживание помещений,276506,0.4,Авг 2025,584861,603727,0.8,-52.7,warn,31,32,31 дн. против 32 дн.; прошлый месяц приведён к текущему периоду
2025-08,Авг 2025,PrevPeriod,Канцтовары,exact_match,Канцтовары,10258,0.0,Июл 2025,1450,1450,0.0,607.4,high,32,32,32 дн. против прошлого месяца
2025-08,Авг 2025,PrevPeriod,Прочие ТМЦ списанные,rollup_match,СПИСАННЫЕ  ОС/ИНВЕНТАРЬ/ПОСУДА,594104,0.8,Июл 2025,126638,126638,0.2,369.1,high,32,32,32 дн. против прошлого месяца
2025-08,Авг 2025,PrevPeriod,Инвентарь списанный,rollup_match,СПИСАННЫЕ  ОС/ИНВЕНТАРЬ/ПОСУДА,594104,0.8,Июл 2025,126638,126638,0.2,369.1,high,32,32,32 дн. против прошлого месяца
2025-08,Авг 2025,PrevPeriod,Бой посуды,rollup_match,СПИСАННЫЕ  ОС/ИНВЕНТАРЬ/ПОСУДА,594104,0.8,Июл 2025,126638,126638,0.2,369.1,high,32,32,32 дн. против прошлого месяца
2025-08,Авг 2025,PrevPeriod,Лицензии/ПО/сертификация,exact_match,Лицензии/ПО/сертификация,297154,0.4,Июл 2025,132000,132000,0.2,125.1,high,32,32,32 дн. против прошлого месяца
2025-08,Авг 2025,PrevPeriod,Оформление торгового зала(дизайн и озеленение),exact_match,Оформление торгового зала(дизайн и озеленение),0,0.0,Июл 2025,20100,20100,0.0,-100.0,high,32,32,32 дн. против прошлого месяца
2025-08,Авг 2025,PrevPeriod,Расходы из Амортизационного фонда,exact_match,Расходы из Амортизационного фонда,17022,0.0,Июл 2025,112551,112551,0.2,-84.9,high,32,32,32 дн. против прошлого месяца
2025-08,Авг 2025,PrevPeriod,Транспортные расходы,exact_match,Транспортные расходы,25873,0.0,Июл 2025,46696,46696,0.1,-44.6,warn,32,32,32 дн. против прошлого месяца
2025-08,Авг 2025,PrevPeriod,Ремонт и обслуживание помещений,exact_match,Ремонт и обслуживание помещений,603727,0.8,Июл 2025,442359,442359,0.6,36.5,warn,32,32,32 дн. против прошлого месяца
2025-08,Авг 2025,PrevPeriod,"ТО и ремонт оборудования, инвентаря",exact_match,"ТО и ремонт оборудования, инвентаря",234071,0.3,Июл 2025,360263,360263,0.5,-35.0,warn,32,32,32 дн. против прошлого месяца
2025-07,Июл 2025,PrevPeriod,Расходы из Амортизационного фонда,exact_match,Расходы из Амортизационного фонда,112551,0.2,Июн 2025,9084,8800,0.0,1139.0,high,32,31,32 дн. против 31 дн.; прошлый месяц приведён к текущему периоду
2025-07,Июл 2025,PrevPeriod,Прочие ТМЦ списанные,rollup_match,СПИСАННЫЕ  ОС/ИНВЕНТАРЬ/ПОСУДА,126638,0.2,Июн 2025,39182,37958,0.1,223.2,high,32,31,32 дн. против 31 дн.; прошлый месяц приведён к текущему периоду
2025-07,Июл 2025,PrevPeriod,Инвентарь списанный,rollup_match,СПИСАННЫЕ  ОС/ИНВЕНТАРЬ/ПОСУДА,126638,0.2,Июн 2025,39182,37958,0.1,223.2,high,32,31,32 дн. против 31 дн.; прошлый месяц приведён к текущему периоду
2025-07,Июл 2025,PrevPeriod,Бой посуды,rollup_match,СПИСАННЫЕ  ОС/ИНВЕНТАРЬ/ПОСУДА,126638,0.2,Июн 2025,39182,37958,0.1,223.2,high,32,31,32 дн. против 31 дн.; прошлый месяц приведён к текущему периоду
2025-07,Июл 2025,PrevPeriod,Канцтовары,exact_match,Канцтовары,1450,0.0,Июн 2025,38773,37561,0.1,-96.3,high,32,31,32 дн. против 31 дн.; прошлый месяц приведён к текущему периоду
2025-07,Июл 2025,PrevPeriod,Оформление торгового зала(дизайн и озеленение),exact_match,Оформление торгового зала(дизайн и озеленение),20100,0.0,Июн 2025,10839,10500,0.0,85.4,high,32,31,32 дн. против 31 дн.; прошлый месяц приведён к текущему периоду
2025-06,Июн 2025,PrevPeriod,Канцтовары,exact_match,Канцтовары,37561,0.1,Май 2025,5045,5208,0.0,644.5,high,31,32,31 дн. против 32 дн.; прошлый месяц приведён к текущему периоду
2025-06,Июн 2025,PrevPeriod,Транспортные расходы,exact_match,Транспортные расходы,58158,0.1,Май 2025,18136,18721,0.0,220.7,high,31,32,31 дн. против 32 дн.; прошлый месяц приведён к текущему периоду
2025-06,Июн 2025,PrevPeriod,Прочие ТМЦ списанные,rollup_match,СПИСАННЫЕ  ОС/ИНВЕНТАРЬ/ПОСУДА,37958,0.1,Май 2025,171960,177507,0.2,-77.9,high,31,32,31 дн. против 32 дн.; прошлый месяц приведён к текущему периоду
2025-06,Июн 2025,PrevPeriod,Инвентарь списанный,rollup_match,СПИСАННЫЕ  ОС/ИНВЕНТАРЬ/ПОСУДА,37958,0.1,Май 2025,171960,177507,0.2,-77.9,high,31,32,31 дн. против 32 дн.; прошлый месяц приведён к текущему периоду
2025-06,Июн 2025,PrevPeriod,Бой посуды,rollup_match,СПИСАННЫЕ  ОС/ИНВЕНТАРЬ/ПОСУДА,37958,0.1,Май 2025,171960,177507,0.2,-77.9,high,31,32,31 дн. против 32 дн.; прошлый месяц приведён к текущему периоду
2025-06,Июн 2025,PrevPeriod,Расходы из Амортизационного фонда,exact_match,Расходы из Амортизационного фонда,8800,0.0,Май 2025,34617,35734,0.0,-74.6,high,31,32,31 дн. против 32 дн.; прошлый месяц приведён к текущему периоду
2025-06,Июн 2025,PrevPeriod,Оформление торгового зала(дизайн и озеленение),exact_match,Оформление торгового зала(дизайн и озеленение),10500,0.0,Май 2025,6417,6624,0.0,63.6,high,31,32,31 дн. против 32 дн.; прошлый месяц приведён к текущему периоду
2025-06,Июн 2025,PrevPeriod,"Расходы на рекламу, дизайн и маркетинг",exact_match,"Расходы на рекламу, дизайн и маркетинг",171260,0.2,Май 2025,106565,110003,0.2,60.7,high,31,32,31 дн. против 32 дн.; прошлый месяц приведён к текущему периоду
2025-06,Июн 2025,PrevPeriod,Лицензии/ПО/сертификация,exact_match,Лицензии/ПО/сертификация,120440,0.2,Май 2025,78787,81329,0.1,52.9,warn,31,32,31 дн. против 32 дн.; прошлый месяц приведён к текущему периоду
2025-05,Май 2025,PrevPeriod,Оформление торгового зала(дизайн и озеленение),exact_match,Оформление торгового зала(дизайн и озеленение),6624,0.0,Апр 2025,29547,28624,0.0,-77.6,high,32,31,32 дн. против 31 дн.; прошлый месяц приведён к текущему периоду
2025-05,Май 2025,PrevPeriod,Расходы из Амортизационного фонда,exact_match,Расходы из Амортизационного фонда,35734,0.0,Апр 2025,140998,136592,0.2,-74.7,high,32,31,32 дн. против 31 дн.; прошлый месяц приведён к текущему периоду
2025-05,Май 2025,PrevPeriod,Гостю,exact_match,Гостю,59336,0.1,Апр 2025,34556,33476,0.1,71.7,high,32,31,32 дн. против 31 дн.; прошлый месяц приведён к текущему периоду
2025-05,Май 2025,PrevPeriod,Ремонт и обслуживание помещений,exact_match,Ремонт и обслуживание помещений,335974,0.5,Апр 2025,229243,222079,0.4,46.6,warn,32,31,32 дн. против 31 дн.; прошлый месяц приведён к текущему периоду
2025-04,Апр 2025,PrevPeriod,Оформление торгового зала(дизайн и озеленение),exact_match,Оформление торгового зала(дизайн и озеленение),28624,0.0,Мар 2025,7750,8000,0.0,269.3,high,31,32,31 дн. против 32 дн.; прошлый месяц приведён к текущему периоду
2025-04,Апр 2025,PrevPeriod,Расходы из Амортизационного фонда,exact_match,Расходы из Амортизационного фонда,136592,0.2,Мар 2025,37421,38628,0.1,265.0,high,31,32,31 дн. против 32 дн.; прошлый месяц приведён к текущему периоду
2025-04,Апр 2025,PrevPeriod,"ТО и ремонт оборудования, инвентаря",exact_match,"ТО и ремонт оборудования, инвентаря",330552,0.6,Мар 2025,144892,149566,0.3,128.1,high,31,32,31 дн. против 32 дн.; прошлый месяц приведён к текущему периоду
2025-04,Апр 2025,PrevPeriod,Канцтовары,exact_match,Канцтовары,458,0.0,Мар 2025,22278,22997,0.0,-97.9,high,31,32,31 дн. против 32 дн.; прошлый месяц приведён к текущему периоду
2025-04,Апр 2025,PrevPeriod,Представительские расходы,exact_match,Представительские расходы,995,0.0,Мар 2025,18311,18902,0.0,-94.6,high,31,32,31 дн. против 32 дн.; прошлый месяц приведён к текущему периоду
2025-04,Апр 2025,PrevPeriod,Прочие ТМЦ списанные,rollup_match,СПИСАННЫЕ  ОС/ИНВЕНТАРЬ/ПОСУДА,230765,0.4,Мар 2025,462904,477836,0.9,-50.1,warn,31,32,31 дн. против 32 дн.; прошлый месяц приведён к текущему периоду
2025-04,Апр 2025,PrevPeriod,Инвентарь списанный,rollup_match,СПИСАННЫЕ  ОС/ИНВЕНТАРЬ/ПОСУДА,230765,0.4,Мар 2025,462904,477836,0.9,-50.1,warn,31,32,31 дн. против 32 дн.; прошлый месяц приведён к текущему периоду
2025-04,Апр 2025,PrevPeriod,Бой посуды,rollup_match,СПИСАННЫЕ  ОС/ИНВЕНТАРЬ/ПОСУДА,230765,0.4,Мар 2025,462904,477836,0.9,-50.1,warn,31,32,31 дн. против 32 дн.; прошлый месяц приведён к текущему периоду
2025-04,Апр 2025,PrevPeriod,Лицензии/ПО/сертификация,exact_match,Лицензии/ПО/сертификация,88660,0.1,Мар 2025,64616,66700,0.1,37.2,warn,31,32,31 дн. против 32 дн.; прошлый месяц приведён к текущему периоду
2025-03,Мар 2025,PrevPeriod,Представительские расходы,exact_match,Представительские расходы,18902,0.0,Фев 2025,4097,3713,0.0,361.4,high,32,29,32 дн. против 29 дн.; прошлый месяц приведён к текущему периоду
2025-03,Мар 2025,PrevPeriod,Прочие ТМЦ списанные,rollup_match,СПИСАННЫЕ  ОС/ИНВЕНТАРЬ/ПОСУДА,477836,0.9,Фев 2025,128365,116331,0.3,272.2,high,32,29,32 дн. против 29 дн.; прошлый месяц приведён к текущему периоду
2025-03,Мар 2025,PrevPeriod,Инвентарь списанный,rollup_match,СПИСАННЫЕ  ОС/ИНВЕНТАРЬ/ПОСУДА,477836,0.9,Фев 2025,128365,116331,0.3,272.2,high,32,29,32 дн. против 29 дн.; прошлый месяц приведён к текущему периоду
2025-03,Мар 2025,PrevPeriod,Бой посуды,rollup_match,СПИСАННЫЕ  ОС/ИНВЕНТАРЬ/ПОСУДА,477836,0.9,Фев 2025,128365,116331,0.3,272.2,high,32,29,32 дн. против 29 дн.; прошлый месяц приведён к текущему периоду
2025-03,Мар 2025,PrevPeriod,Канцтовары,exact_match,Канцтовары,22997,0.0,Фев 2025,0,0,0.0,100.0,high,32,29,32 дн. против 29 дн.; прошлый месяц приведён к текущему периоду
2025-03,Мар 2025,PrevPeriod,Транспортные расходы,exact_match,Транспортные расходы,27598,0.1,Фев 2025,15712,14239,0.0,75.6,high,32,29,32 дн. против 29 дн.; прошлый месяц приведён к текущему периоду
2025-03,Мар 2025,PrevPeriod,"Расходы на рекламу, дизайн и маркетинг",exact_match,"Расходы на рекламу, дизайн и маркетинг",155628,0.3,Фев 2025,94269,85431,0.2,65.1,high,32,29,32 дн. против 29 дн.; прошлый месяц приведён к текущему периоду
2025-03,Мар 2025,PrevPeriod,"ТО и ремонт оборудования, инвентаря",exact_match,"ТО и ремонт оборудования, инвентаря",149566,0.3,Фев 2025,306362,277641,0.6,-51.2,warn,32,29,32 дн. против 29 дн.; прошлый месяц приведён к текущему периоду
2025-03,Мар 2025,PrevPeriod,Расходы из Амортизационного фонда,exact_match,Расходы из Амортизационного фонда,38628,0.1,Фев 2025,72541,65740,0.1,-46.7,warn,32,29,32 дн. против 29 дн.; прошлый месяц приведён к текущему периоду
2025-02,Фев 2025,PrevPeriod,Расходы из Амортизационного фонда,exact_match,Расходы из Амортизационного фонда,65740,0.1,Янв 2025,18800,20745,0.0,249.7,high,29,32,29 дн. против 32 дн.; прошлый месяц приведён к текущему периоду
2025-02,Фев 2025,PrevPeriod,"ТО и ремонт оборудования, инвентаря",exact_match,"ТО и ремонт оборудования, инвентаря",277641,0.6,Янв 2025,130618,144130,0.3,112.6,high,29,32,29 дн. против 32 дн.; прошлый месяц приведён к текущему периоду
2025-02,Фев 2025,PrevPeriod,Канцтовары,exact_match,Канцтовары,0,0.0,Янв 2025,40769,44987,0.1,-100.0,high,29,32,29 дн. против 32 дн.; прошлый месяц приведён к текущему периоду
2025-02,Фев 2025,PrevPeriod,Транспортные расходы,exact_match,Транспортные расходы,14239,0.0,Янв 2025,58031,64034,0.1,-75.5,high,29,32,29 дн. против 32 дн.; прошлый месяц приведён к текущему периоду
2025-02,Фев 2025,PrevPeriod,Бесплатная еда для сотрудников,rollup_match,Депозит iikocard5(питание за счет бонусной системы),109233,0.2,Янв 2025,67410,74383,0.2,62.0,high,29,32,29 дн. против 32 дн.; прошлый месяц приведён к текущему периоду
2025-02,Фев 2025,PrevPeriod,Бесплатные напитки для сотрудников,rollup_match,Депозит iikocard5(питание за счет бонусной системы),109233,0.2,Янв 2025,67410,74383,0.2,62.0,high,29,32,29 дн. против 32 дн.; прошлый месяц приведён к текущему периоду
2025-02,Фев 2025,PrevPeriod,ГСМ ,exact_match,ГСМ,26500,0.1,Янв 2025,16565,18279,0.0,60.0,warn,29,32,29 дн. против 32 дн.; прошлый месяц приведён к текущему периоду
2025-02,Фев 2025,PrevPeriod,"Расходы на рекламу, дизайн и маркетинг",exact_match,"Расходы на рекламу, дизайн и маркетинг",85431,0.2,Янв 2025,61027,67340,0.1,40.0,warn,29,32,29 дн. против 32 дн.; прошлый месяц приведён к текущему периоду
2025-02,Фев 2025,PrevPeriod,Лицензии/ПО/сертификация,exact_match,Лицензии/ПО/сертификация,48400,0.1,Янв 2025,72980,80530,0.2,-33.7,warn,29,32,29 дн. против 32 дн.; прошлый месяц приведён к текущему периоду
